label,count,year
Lemonis,26.3323,2016
Scott,24.4514,2016
Don,17.8683,2016
Business,14.4201,2016
Big,12.8527,2016
Today,12.2257,2016
Good,12.2257,2016
Company,12.2257,2016
Ipo,11.2853,2016
Talk,9.7179,2016
Shares,9.7179,2016
Jackie,9.4044,2016
Baseball,9.0909,2016
Market,8.7774,2016
Something,8.7774,2016
Million,8.1505,2016
Products,8.1505,2016
Global,7.837,2016
Let,7.5235,2016
Markets,7.21,2016
Exchange,6.8966,2016
Trading,6.8966,2016
Guys,6.8966,2016
Trump,6.5831,2016
Thank,6.5831,2016
Better,6.5831,2016
Building,6.5831,2016
Does,6.2696,2016
Public,6.2696,2016
World,6.2696,2016
Ebola,5.9561,2016
Making,5.9561,2016
Animals,5.9561,2016
Live,5.9561,2016
Already,5.6426,2016
Started,5.6426,2016
Kind,5.6426,2016
Stock,5.6426,2016
Gonna,5.6426,2016
Night,5.6426,2016
10¢,5.6426,2016
Country,5.3292,2016
Might,5.3292,2016
Yeah,5.3292,2016
Looking,5.3292,2016
Thing,5.3292,2016
Police,5.0157,2016
Problem,5.0157,2016
Viruses,5.0157,2016
Remember,5.0157,2016
Game,5.0157,2016
Mean,5.0157,2016
Bought,5.0157,2016
Share,4.7022,2016
300000,4.7022,2016
Tree,4.7022,2016
Comes,4.7022,2016
Little,4.7022,2016
Reasons,4.7022,2016
Point,4.7022,2016
Coming,4.7022,2016
Virus,4.7022,2016
Wildlife,4.3887,2016
Bring,4.3887,2016
Call,4.3887,2016
Morning,4.3887,2016
Habitat,4.3887,2016
Went,4.3887,2016
Actually,4.3887,2016
Billion,4.3887,2016
Ahead,4.3887,2016
Things,4.0752,2016
$19,4.0752,2016
Doing,4.0752,2016
Huge,4.0752,2016
Buy,4.0752,2016
Away,4.0752,2016
Months,4.0752,2016
Run,4.0752,2016
Came,4.0752,2016
Probably,4.0752,2016
President,4.0752,2016
Put,4.0752,2016
Able,4.0752,2016
American,4.0752,2016
Lost,4.0752,2016
Done,4.0752,2016
Check,3.7618,2016
House,3.7618,2016
Important,3.7618,2016
Attempt,3.7618,2016
Order,3.7618,2016
Nasdaq,3.7618,2016
Again,3.7618,2016
Inside,3.7618,2016
Product,3.7618,2016
Why,3.7618,2016
$12000,3.7618,2016
Trying,3.7618,2016
Open,3.4483,2016
Ago,3.4483,2016
Maybe,3.4483,2016
Happened,3.4483,2016
Zika,3.4483,2016
Louisville,3.4483,2016
Friday,3.4483,2016
Growing,3.4483,2016
Start,3.4483,2016
Slugger,3.4483,2016
John,3.4483,2016
Weeks,3.4483,2016
Always,3.4483,2016
Tech,3.4483,2016
Different,3.4483,2016
Small,3.4483,2016
Finally,3.4483,2016
Didn,3.4483,2016
Five,3.4483,2016
Humans,3.4483,2016
Hear,3.1348,2016
Price,3.1348,2016
Watch,3.1348,2016
Deal,3.1348,2016
Line,3.1348,2016
Expected,3.1348,2016
League,3.1348,2016
Getting,3.1348,2016
Took,3.1348,2016
Feel,3.1348,2016
America,3.1348,2016
Difference,3.1348,2016
Money,3.1348,2016
Nice,3.1348,2016
Else,3.1348,2016
Washington,3.1348,2016
Ball,3.1348,2016
Story,3.1348,2016
Yes,3.1348,2016
Change,3.1348,2016
Hard,3.1348,2016
Population,3.1348,2016
Hand,3.1348,2016
Jerry,3.1348,2016
Hillary,3.1348,2016
Front,2.8213,2016
Marcus,2.8213,2016
Saying,2.8213,2016
Rent,2.8213,2016
Nothing,2.8213,2016
Sports,2.8213,2016
Everything,2.8213,2016
Dad,2.8213,2016
Region,2.8213,2016
Happening,2.8213,2016
Cost,2.8213,2016
Please,2.8213,2016
Goes,2.8213,2016
Costing,2.8213,2016
Operator,2.8213,2016
Amazing,2.8213,2016
Left,2.8213,2016
Future,2.8213,2016
85¢,2.8213,2016
Focus,2.8213,2016
Book,2.8213,2016
Won,2.8213,2016
2012,2.8213,2016
Logo,2.8213,2016
Try,2.8213,2016
List,2.8213,2016
Clinton,2.8213,2016
Times,2.8213,2016
Major,2.8213,2016
Above,2.8213,2016
Seeing,2.5078,2016
Bit,2.5078,2016
South,2.5078,2016
Job,2.5078,2016
Outside,2.5078,2016
Stuff,2.5078,2016
Key,2.5078,2016
Biggest,2.5078,2016
Yesterday,2.5078,2016
Wanting,2.5078,2016
Moment,2.5078,2016
System,2.5078,2016
Isn,2.5078,2016
Survive,2.5078,2016
Everybody,2.5078,2016
Sense,2.5078,2016
Stocks,2.5078,2016
Sell,2.5078,2016
Father,2.5078,2016
Close,2.5078,2016
Mgm,2.5078,2016
Find,2.5078,2016
Seen,2.5078,2016
Absolutely,2.5078,2016
Property,2.5078,2016
Likely,2.5078,2016
Ideas,2.5078,2016
Companies,2.5078,2016
Kids,2.5078,2016
Forest,2.5078,2016
Believe,2.5078,2016
Moving,2.5078,2016
Having,2.5078,2016
Too,2.5078,2016
Agreement,2.5078,2016
Clear,2.5078,2016
Nine,2.5078,2016
Competition,2.5078,2016
Fight,2.1944,2016
Anymore,2.1944,2016
Environment,2.1944,2016
Area,2.1944,2016
Fire,2.1944,2016
Never,2.1944,2016
Family,2.1944,2016
Series,2.1944,2016
Protesters,2.1944,2016
Cubs,2.1944,2016
Couple,2.1944,2016
Burned,2.1944,2016
History,2.1944,2016
Putting,2.1944,2016
Attacks,2.1944,2016
Cause,2.1944,2016
1000,2.1944,2016
West,2.1944,2016
Six,2.1944,2016
Almost,2.1944,2016
Ones,2.1944,2016
Woods,2.1944,2016
Ever,2.1944,2016
Species,2.1944,2016
Points,2.1944,2016
Store,2.1944,2016
Bank,2.1944,2016
Wasn,2.1944,2016
Trade,2.1944,2016
Man,2.1944,2016
Cash,2.1944,2016
Floor,2.1944,2016
Either,2.1944,2016
Human,2.1944,2016
Tell,2.1944,2016
Enough,2.1944,2016
Gold,2.1944,2016
Head,2.1944,2016
Growth,2.1944,2016
Wait,1.8809,2016
Senator,1.8809,2016
Video,1.8809,2016
Source,1.8809,2016
China,1.8809,2016
Chicago,1.8809,2016
Immediately,1.8809,2016
Supply,1.8809,2016
Pathogens,1.8809,2016
Holding,1.8809,2016
Person,1.8809,2016
Obama,1.8809,2016
$30000,1.8809,2016
Old,1.8809,2016
Etfs,1.8809,2016
Control,1.8809,2016
Created,1.8809,2016
Itself,1.8809,2016
Painted,1.8809,2016
Higher,1.8809,2016
Save,1.8809,2016
Connection,1.8809,2016
Sales,1.8809,2016
Producer,1.8809,2016
Helping,1.8809,2016
Talking,1.8809,2016
National,1.8809,2016
Addition,1.8809,2016
Populations,1.8809,2016
Liz,1.8809,2016
Bodies,1.8809,2016
Bob,1.8809,2016
Animal,1.8809,2016
Move,1.8809,2016
42000,1.8809,2016
Jump,1.8809,2016
Living,1.8809,2016
Technology,1.8809,2016
Water,1.8809,2016
Talked,1.8809,2016
Opportunity,1.8809,2016
Sure,1.8809,2016
Telling,1.8809,2016
Needed,1.8809,2016
Chains,1.8809,2016
Double,1.8809,2016
Beat,1.8809,2016
Announced,1.8809,2016
Victoza®,1.8809,2016
Monkeys,1.8809,2016
Means,1.8809,2016
Hey,1.8809,2016
Handle,1.8809,2016
Blood,1.8809,2016
Pen,1.8809,2016
Fixed,1.8809,2016
Election,1.8809,2016
Waste,1.8809,2016
Flying,1.8809,2016
Hour,1.8809,2016
Others,1.8809,2016
Campaign,1.8809,2016
Joining,1.8809,2016
Music,1.8809,2016
Space,1.8809,2016
Kinds,1.8809,2016
Women,1.8809,2016
Course,1.8809,2016
Specific,1.8809,2016
Okay,1.8809,2016
Properties,1.8809,2016
Within,1.8809,2016
Economy,1.8809,2016
Reports,1.8809,2016
Ipos,1.8809,2016
Revenue,1.8809,2016
$22,1.8809,2016
Makes,1.8809,2016
Instead,1.8809,2016
Rush,1.8809,2016
Minute,1.8809,2016
Royalty,1.8809,2016
Paint,1.8809,2016
Dangerous,1.8809,2016
Successful,1.8809,2016
Largest,1.8809,2016
Pages,1.8809,2016
Doesn,1.8809,2016
Pricing,1.8809,2016
Mccain,1.8809,2016
Anything,1.8809,2016
Party,1.8809,2016
Play,1.8809,2016
Issue,1.5674,2016
Rally,1.5674,2016
Board,1.5674,2016
Birds,1.5674,2016
Giving,1.5674,2016
Gone,1.5674,2016
Matter,1.5674,2016
Allowing,1.5674,2016
Fathom,1.5674,2016
Challenges,1.5674,2016
Keep,1.5674,2016
Fine,1.5674,2016
Taught,1.5674,2016
Mammals,1.5674,2016
David,1.5674,2016
White,1.5674,2016
Young,1.5674,2016
Cities,1.5674,2016
Neil,1.5674,2016
Red,1.5674,2016
Goose,1.5674,2016
Happens,1.5674,2016
Bad,1.5674,2016
Recently,1.5674,2016
Scarlet,1.5674,2016
Dell,1.5674,2016
Post,1.5674,2016
Ronald,1.5674,2016
Media,1.5674,2016
Delegates,1.5674,2016
Risk,1.5674,2016
Beginning,1.5674,2016
Spoke,1.5674,2016
Dead,1.5674,2016
Destroyed,1.5674,2016
Crusaders,1.5674,2016
Security,1.5674,2016
Later,1.5674,2016
Gave,1.5674,2016
Impact,1.5674,2016
Oil,1.5674,2016
Face,1.5674,2016
Group,1.5674,2016
Become,1.5674,2016
Department,1.5674,2016
Donald,1.5674,2016
Laughs,1.5674,2016
Lead,1.5674,2016
Following,1.5674,2016
Fed,1.5674,2016
Twitter,1.5674,2016
Heart,1.5674,2016
Fall,1.5674,2016
Pretty,1.5674,2016
Ways,1.5674,2016
Thanks,1.5674,2016
Africa,1.5674,2016
Thousands,1.5674,2016
Stop,1.5674,2016
Employees,1.5674,2016
Usually,1.5674,2016
Flat,1.5674,2016
Least,1.5674,2016
Dies,1.5674,2016
Gosh,1.5674,2016
Plays,1.5674,2016
Broke,1.5674,2016
Guinea,1.5674,2016
Thought,1.5674,2016
Diseases,1.5674,2016
Problems,1.5674,2016
Lower,1.5674,2016
Single,1.5674,2016
Behemoths,1.5674,2016
Lincoln,1.5674,2016
Bart,1.5674,2016
Nobody,1.5674,2016
Profitable,1.5674,2016
Soft,1.5674,2016
Apparently,1.5674,2016
Worse,1.5674,2016
Priced,1.5674,2016
Potential,1.5674,2016
Guy,1.5674,2016
Looks,1.5674,2016
Flu,1.5674,2016
Terms,1.5674,2016
Test,1.5674,2016
Question,1.5674,2016
Far,1.5674,2016
Flow,1.5674,2016
Federal,1.5674,2016
Ceo,1.5674,2016
Easy,1.5674,2016
Basically,1.5674,2016
Based,1.5674,2016
Cave,1.5674,2016
Guess,1.5674,2016
Present,1.5674,2016
Fun,1.5674,2016
1849,1.5674,2016
Street,1.5674,2016
Town,1.5674,2016
Continue,1.5674,2016
Name,1.5674,2016
Minutes,1.5674,2016
Facility,1.5674,2016
Manages,1.5674,2016
Hiv,1.5674,2016
Stay,1.5674,2016
Indiscernible,1.5674,2016
Chopping,1.5674,2016
Lemonis,24.7458,2017
Scott,23.7288,2017
Don,16.2712,2017
Baseball,14.9153,2017
President,13.5593,2017
Business,10.5085,2017
Police,10.1695,2017
Something,9.8305,2017
Today,9.8305,2017
Trump,9.1525,2017
Lost,8.8136,2017
Company,8.4746,2017
Things,8.1356,2017
Talk,8.1356,2017
Jackie,7.4576,2017
Good,7.4576,2017
Why,7.4576,2017
Camels,7.1186,2017
Family,7.1186,2017
Jump,7.1186,2017
George,7.1186,2017
House,6.4407,2017
World,6.4407,2017
Building,6.1017,2017
Products,5.7627,2017
Doing,5.7627,2017
Live,5.7627,2017
Went,5.4237,2017
Let,5.4237,2017
Big,5.4237,2017
Thing,5.4237,2017
Keep,5.0847,2017
Members,5.0847,2017
Kind,5.0847,2017
Gonna,5.0847,2017
Different,5.0847,2017
10¢,5.0847,2017
Source,4.7458,2017
Eating,4.7458,2017
Little,4.7458,2017
Insects,4.7458,2017
Viruses,4.7458,2017
Yes,4.7458,2017
Dangerous,4.7458,2017
Mrs,4.7458,2017
Didn,4.7458,2017
Market,4.4068,2017
300000,4.4068,2017
White,4.4068,2017
Does,4.4068,2017
Tax,4.4068,2017
Order,4.4068,2017
Point,4.4068,2017
Virus,4.4068,2017
Thank,4.0678,2017
Fire,4.0678,2017
Months,4.0678,2017
Group,4.0678,2017
Forward,4.0678,2017
Food,4.0678,2017
Give,4.0678,2017
Figure,4.0678,2017
Ground,4.0678,2017
Question,4.0678,2017
Too,4.0678,2017
Coming,4.0678,2017
Night,4.0678,2017
Looking,4.0678,2017
Bought,4.0678,2017
Saw,4.0678,2017
Gone,3.7288,2017
Already,3.7288,2017
Open,3.7288,2017
Morning,3.7288,2017
Away,3.7288,2017
Together,3.7288,2017
Violence,3.7288,2017
America,3.7288,2017
Beat,3.7288,2017
Reasons,3.7288,2017
Steve,3.7288,2017
Scalise,3.7288,2017
Put,3.7288,2017
Gang,3.7288,2017
Man,3.7288,2017
Extremely,3.7288,2017
Until,3.7288,2017
Carry,3.7288,2017
Anything,3.7288,2017
Mean,3.7288,2017
Interest,3.3898,2017
Deal,3.3898,2017
Machetes,3.3898,2017
Wearing,3.3898,2017
Maybe,3.3898,2017
Came,3.3898,2017
Mers,3.3898,2017
Money,3.3898,2017
Find,3.3898,2017
Property,3.3898,2017
Wanted,3.3898,2017
Broken,3.3898,2017
Game,3.3898,2017
Shot,3.3898,2017
Try,3.3898,2017
Five,3.3898,2017
Shirt,3.3898,2017
Head,3.3898,2017
Trying,3.3898,2017
Senator,3.0508,2017
China,3.0508,2017
Rent,3.0508,2017
Country,3.0508,2017
Red,3.0508,2017
Bad,3.0508,2017
Animal,3.0508,2017
Security,3.0508,2017
Balls,3.0508,2017
Louisville,3.0508,2017
Talked,3.0508,2017
Difference,3.0508,2017
Slugger,3.0508,2017
Close,3.0508,2017
Ebola,3.0508,2017
Problem,3.0508,2017
1000,3.0508,2017
Hit,3.0508,2017
Themselves,3.0508,2017
Ball,3.0508,2017
Yeah,3.0508,2017
Air,3.0508,2017
Story,3.0508,2017
Enforcement,3.0508,2017
Makes,3.0508,2017
Clear,3.0508,2017
Jerry,3.0508,2017
Useful,3.0508,2017
Guys,3.0508,2017
Kennedy,3.0508,2017
Better,2.7119,2017
Young,2.7119,2017
Bring,2.7119,2017
Important,2.7119,2017
Huge,2.7119,2017
Lions,2.7119,2017
Call,2.7119,2017
Eric,2.7119,2017
Sores,2.7119,2017
Buy,2.7119,2017
Mosquitoes,2.7119,2017
Turn,2.7119,2017
Cost,2.7119,2017
Gave,2.7119,2017
Speaker,2.7119,2017
Hunt,2.7119,2017
Costing,2.7119,2017
Took,2.7119,2017
Donald,2.7119,2017
Stocks,2.7119,2017
Opportunity,2.7119,2017
Service,2.7119,2017
Thanks,2.7119,2017
Count,2.7119,2017
Stock,2.7119,2017
Epidemic,2.7119,2017
Welcome,2.7119,2017
85¢,2.7119,2017
Almost,2.7119,2017
Else,2.7119,2017
Focus,2.7119,2017
Political,2.7119,2017
Product,2.7119,2017
Ideas,2.7119,2017
Companies,2.7119,2017
Always,2.7119,2017
$12000,2.7119,2017
Hard,2.7119,2017
Scotts,2.7119,2017
Animals,2.7119,2017
Opioid,2.7119,2017
Bill,2.7119,2017
Times,2.7119,2017
Issue,2.3729,2017
Wait,2.3729,2017
Project,2.3729,2017
Giving,2.3729,2017
York,2.3729,2017
Nothing,2.3729,2017
Outside,2.3729,2017
Old,2.3729,2017
Control,2.3729,2017
Happens,2.3729,2017
Black,2.3729,2017
Plan,2.3729,2017
War,2.3729,2017
Entire,2.3729,2017
Feet,2.3729,2017
Never,2.3729,2017
System,2.3729,2017
Wrong,2.3729,2017
Shows,2.3729,2017
Trick,2.3729,2017
Happened,2.3729,2017
Arabian,2.3729,2017
Large,2.3729,2017
Congress,2.3729,2017
Technology,2.3729,2017
Might,2.3729,2017
Started,2.3729,2017
Ends,2.3729,2017
Victims,2.3729,2017
Actually,2.3729,2017
Speech,2.3729,2017
Thousands,2.3729,2017
Hundreds,2.3729,2017
Happen,2.3729,2017
Seen,2.3729,2017
Nice,2.3729,2017
Probably,2.3729,2017
Peninsula,2.3729,2017
Shooter,2.3729,2017
Public,2.3729,2017
Taking,2.3729,2017
American,2.3729,2017
Species,2.3729,2017
Potential,2.3729,2017
Idea,2.3729,2017
Challenge,2.3729,2017
Moving,2.3729,2017
Having,2.3729,2017
Hand,2.3729,2017
Small,2.3729,2017
Predators,2.3729,2017
Instead,2.3729,2017
Standing,2.3729,2017
Aren,2.3729,2017
Tell,2.3729,2017
Schumer,2.3729,2017
Short,2.3729,2017
Texas,2.3729,2017
Play,2.3729,2017
Bit,2.0339,2017
Worked,2.0339,2017
Guest,2.0339,2017
Certain,2.0339,2017
Price,2.0339,2017
Fine,2.0339,2017
Line,2.0339,2017
Helmets,2.0339,2017
Amazon,2.0339,2017
Dad,2.0339,2017
Squeaking,2.0339,2017
Key,2.0339,2017
Save,2.0339,2017
Hope,2.0339,2017
Comes,2.0339,2017
Somewhere,2.0339,2017
Talking,2.0339,2017
Throw,2.0339,2017
Addition,2.0339,2017
Isn,2.0339,2017
Bombers,2.0339,2017
Run,2.0339,2017
Getting,2.0339,2017
Everybody,2.0339,2017
Earlier,2.0339,2017
Goes,2.0339,2017
Couple,2.0339,2017
Mariano,2.0339,2017
Arabia,2.0339,2017
Protect,2.0339,2017
Telling,2.0339,2017
Sell,2.0339,2017
Whole,2.0339,2017
Shots,2.0339,2017
Squeaks,2.0339,2017
Cats,2.0339,2017
Absolutely,2.0339,2017
Making,2.0339,2017
Beaten,2.0339,2017
Six,2.0339,2017
Choose,2.0339,2017
Middle,2.0339,2017
Doubled,2.0339,2017
Committee,2.0339,2017
Friends,2.0339,2017
Resources,2.0339,2017
Thought,2.0339,2017
Racing,2.0339,2017
Children,2.0339,2017
Dive,2.0339,2017
Ever,2.0339,2017
Himself,2.0339,2017
Office,2.0339,2017
Smaller,2.0339,2017
Done,2.0339,2017
Seed,2.0339,2017
Saudi,2.0339,2017
Change,2.0339,2017
Realize,2.0339,2017
Capitol,2.0339,2017
Vice,2.0339,2017
Especially,2.0339,2017
Cut,2.0339,2017
Stepped,2.0339,2017
Tried,2.0339,2017
Nine,2.0339,2017
Enough,2.0339,2017
Words,2.0339,2017
Millions,2.0339,2017
Name,2.0339,2017
Attorney,2.0339,2017
Safe,2.0339,2017
Brought,2.0339,2017
Competition,2.0339,2017
Taken,1.6949,2017
Seeing,1.6949,2017
Beauty,1.6949,2017
Fight,1.6949,2017
Matter,1.6949,2017
Video,1.6949,2017
Hacked,1.6949,2017
Hear,1.6949,2017
Challenges,1.6949,2017
Scourge,1.6949,2017
Fighting,1.6949,2017
Marcus,1.6949,2017
Saying,1.6949,2017
Build,1.6949,2017
Arms,1.6949,2017
Americans,1.6949,2017
$30000,1.6949,2017
Job,1.6949,2017
Program,1.6949,2017
Inherited,1.6949,2017
Marching,1.6949,2017
Behind,1.6949,2017
Hate,1.6949,2017
Centers,1.6949,2017
Caminiti,1.6949,2017
Painted,1.6949,2017
Bottles,1.6949,2017
Biggest,1.6949,2017
Hawk,1.6949,2017
Taxes,1.6949,2017
Moment,1.6949,2017
Energy,1.6949,2017
National,1.6949,2017
Zach,1.6949,2017
Protesters,1.6949,2017
Games,1.6949,2017
Torches,1.6949,2017
Answer,1.6949,2017
42000,1.6949,2017
Paying,1.6949,2017
Several,1.6949,2017
Feel,1.6949,2017
Border,1.6949,2017
Someone,1.6949,2017
Fall,1.6949,2017
Sure,1.6949,2017
Pretty,1.6949,2017
States,1.6949,2017
Facebook,1.6949,2017
Start,1.6949,2017
Full,1.6949,2017
Half,1.6949,2017
Tencent,1.6949,2017
Weekend,1.6949,2017
January,1.6949,2017
Explained,1.6949,2017
Settle,1.6949,2017
Billion,1.6949,2017
Weapons,1.6949,2017
Waste,1.6949,2017
Given,1.6949,2017
Protest,1.6949,2017
Sessions,1.6949,2017
Cameras,1.6949,2017
Course,1.6949,2017
Specific,1.6949,2017
Able,1.6949,2017
United,1.6949,2017
Undocumented,1.6949,2017
Freedom,1.6949,2017
Forest,1.6949,2017
Points,1.6949,2017
Wants,1.6949,2017
Response,1.6949,2017
Meetings,1.6949,2017
Dollars,1.6949,2017
Level,1.6949,2017
Honor,1.6949,2017
Tracked,1.6949,2017
Believe,1.6949,2017
Shields,1.6949,2017
Step,1.6949,2017
Dozen,1.6949,2017
Training,1.6949,2017
Tons,1.6949,2017
Based,1.6949,2017
Royalty,1.6949,2017
Amendment,1.6949,2017
Read,1.6949,2017
Field,1.6949,2017
Paint,1.6949,2017
Example,1.6949,2017
Either,1.6949,2017
Chinese,1.6949,2017
Russian,1.6949,2017
Germany,1.6949,2017
Works,1.6949,2017
Mark,1.6949,2017
Community,1.6949,2017
Winning,1.6949,2017
Baseball,30.3887,2018
President,16.9611,2018
Don,16.2544,2018
Lemonis,15.9011,2018
National,13.4276,2018
Scott,13.4276,2018
Company,9.5406,2018
Guard,9.1873,2018
Coming,8.4806,2018
Deal,8.1272,2018
Business,7.7739,2018
Reporter,7.7739,2018
Big,7.7739,2018
Something,7.4205,2018
League,7.4205,2018
Little,7.4205,2018
Good,7.4205,2018
Products,7.0671,2018
Today,7.0671,2018
Gang,7.0671,2018
World,7.0671,2018
Things,6.7138,2018
Police,6.7138,2018
Building,6.7138,2018
States,6.7138,2018
Start,6.7138,2018
Why,6.7138,2018
Market,6.3604,2018
Better,6.3604,2018
House,6.3604,2018
Old,6.3604,2018
Didn,6.3604,2018
Players,6.0071,2018
Jackie,6.0071,2018
Call,6.0071,2018
America,6.0071,2018
Let,6.0071,2018
Hit,6.0071,2018
Somebody,6.0071,2018
Game,6.0071,2018
Rules,5.6537,2018
Members,5.6537,2018
Slugger,5.6537,2018
Campus,5.6537,2018
Having,5.6537,2018
Outside,5.3004,2018
Rape,5.3004,2018
Run,5.3004,2018
Getting,5.3004,2018
Louisville,5.3004,2018
Thing,5.3004,2018
Thank,4.947,2018
Black,4.947,2018
Came,4.947,2018
Victims,4.947,2018
Went,4.947,2018
American,4.947,2018
Kids,4.947,2018
Ball,4.947,2018
Issue,4.5936,2018
Working,4.5936,2018
Kind,4.5936,2018
Pro,4.5936,2018
Boots,4.5936,2018
Billion,4.5936,2018
Put,4.5936,2018
Yeah,4.5936,2018
Line,4.2403,2018
White,4.2403,2018
Does,4.2403,2018
Control,4.2403,2018
Talk,4.2403,2018
Talking,4.2403,2018
Order,4.2403,2018
Sell,4.2403,2018
Taking,4.2403,2018
Companies,4.2403,2018
Murdered,4.2403,2018
Lost,4.2403,2018
Done,4.2403,2018
School,4.2403,2018
Looking,4.2403,2018
Doesn,4.2403,2018
Trump,3.8869,2018
York,3.8869,2018
Leaders,3.8869,2018
Machetes,3.8869,2018
Comes,3.8869,2018
Officials,3.8869,2018
Yesterday,3.8869,2018
Happening,3.8869,2018
Away,3.8869,2018
Months,3.8869,2018
Seems,3.8869,2018
Actually,3.8869,2018
Beat,3.8869,2018
Themselves,3.8869,2018
Gonna,3.8869,2018
Applause,3.8869,2018
Murder,3.8869,2018
Different,3.8869,2018
Too,3.8869,2018
Small,3.8869,2018
Logo,3.8869,2018
Pennsylvania,3.8869,2018
Texas,3.8869,2018
Mean,3.8869,2018
Major,3.8869,2018
Eye,3.5336,2018
South,3.5336,2018
Video,3.5336,2018
Country,3.5336,2018
British,3.5336,2018
Hands,3.5336,2018
Started,3.5336,2018
Sure,3.5336,2018
Soldiers,3.5336,2018
Children,3.5336,2018
Ship,3.5336,2018
Unable,3.5336,2018
Makes,3.5336,2018
Federal,3.5336,2018
Tell,3.5336,2018
Street,3.5336,2018
Guys,3.5336,2018
Prices,3.5336,2018
Bought,3.5336,2018
Trying,3.5336,2018
Colorado,3.1802,2018
Saying,3.1802,2018
Person,3.1802,2018
Never,3.1802,2018
Buy,3.1802,2018
Act,3.1802,2018
Fast,3.1802,2018
Italian,3.1802,2018
Snowboards,3.1802,2018
Increase,3.1802,2018
Security,3.1802,2018
Understand,3.1802,2018
Move,3.1802,2018
Congress,3.1802,2018
Violence,3.1802,2018
History,3.1802,2018
Brian,3.1802,2018
Feel,3.1802,2018
Money,3.1802,2018
Anyone,3.1802,2018
Class,3.1802,2018
Theater,3.1802,2018
Oversight,3.1802,2018
Students,3.1802,2018
Pros,3.1802,2018
Senate,3.1802,2018
Able,3.1802,2018
Always,3.1802,2018
Story,3.1802,2018
Yes,3.1802,2018
Minute,3.1802,2018
Resort,3.1802,2018
Reason,3.1802,2018
Enough,3.1802,2018
Live,3.1802,2018
Wait,2.8269,2018
Favorite,2.8269,2018
Everyone,2.8269,2018
Fight,2.8269,2018
Keep,2.8269,2018
Americans,2.8269,2018
Obama,2.8269,2018
Young,2.8269,2018
Doing,2.8269,2018
Netflix,2.8269,2018
Schools,2.8269,2018
War,2.8269,2018
Season,2.8269,2018
Protesters,2.8269,2018
Motto,2.8269,2018
Later,2.8269,2018
Thoughts,2.8269,2018
Please,2.8269,2018
Cubs,2.8269,2018
Borders,2.8269,2018
Record,2.8269,2018
Opportunity,2.8269,2018
Service,2.8269,2018
Ambassador,2.8269,2018
Army,2.8269,2018
Thanks,2.8269,2018
Facebook,2.8269,2018
Usa,2.8269,2018
Hundreds,2.8269,2018
Leadership,2.8269,2018
Probably,2.8269,2018
Volatility,2.8269,2018
Investors,2.8269,2018
Public,2.8269,2018
Cowboy,2.8269,2018
Dodgers,2.8269,2018
Dangerous,2.8269,2018
Nine,2.8269,2018
Bridge,2.8269,2018
Head,2.8269,2018
Custom,2.4735,2018
Board,2.4735,2018
Bit,2.4735,2018
Front,2.4735,2018
Price,2.4735,2018
Real,2.4735,2018
Budget,2.4735,2018
Create,2.4735,2018
Open,2.4735,2018
Dispatching,2.4735,2018
Tripadvisor,2.4735,2018
Girls,2.4735,2018
200,2.4735,2018
Cost,2.4735,2018
Happened,2.4735,2018
Violent,2.4735,2018
Costing,2.4735,2018
Several,2.4735,2018
Cowardly,2.4735,2018
Protect,2.4735,2018
Pretty,2.4735,2018
Whole,2.4735,2018
Consequences,2.4735,2018
Bedlam,2.4735,2018
Kimberly,2.4735,2018
Eight,2.4735,2018
Bush,2.4735,2018
Happen,2.4735,2018
Again,2.4735,2018
Gangs,2.4735,2018
Owe,2.4735,2018
Seven,2.4735,2018
Judge,2.4735,2018
Conclude,2.4735,2018
Guns,2.4735,2018
Crowd,2.4735,2018
Flying,2.4735,2018
Hitting,2.4735,2018
Instructions,2.4735,2018
Forced,2.4735,2018
Lawn,2.4735,2018
Attack,2.4735,2018
Product,2.4735,2018
Ideas,2.4735,2018
Break,2.4735,2018
Body,2.4735,2018
Fiscal,2.4735,2018
Ready,2.4735,2018
Friend,2.4735,2018
Lou,2.4735,2018
Roubd,2.4735,2018
Looks,2.4735,2018
Disrespectful,2.4735,2018
100,2.4735,2018
Hand,2.4735,2018
Standing,2.4735,2018
Seeking,2.4735,2018
Member,2.4735,2018
Engagement,2.4735,2018
Either,2.4735,2018
Turned,2.4735,2018
Prepared,2.4735,2018
Millions,2.4735,2018
Invading,2.4735,2018
Scene,2.4735,2018
Play,2.4735,2018
Million,2.1201,2018
Land,2.1201,2018
Birds,2.1201,2018
Siege,2.1201,2018
Share,2.1201,2018
Faced,2.1201,2018
Source,2.1201,2018
300000,2.1201,2018
Already,2.1201,2018
Known,2.1201,2018
Rent,2.1201,2018
Job,2.1201,2018
Research,2.1201,2018
Teachers,2.1201,2018
Third,2.1201,2018
Hours,2.1201,2018
Foreign,2.1201,2018
District,2.1201,2018
Area,2.1201,2018
Whatever,2.1201,2018
Entire,2.1201,2018
Fighter,2.1201,2018
Morning,2.1201,2018
Player,2.1201,2018
Berkeley,2.1201,2018
Throw,2.1201,2018
Eyes,2.1201,2018
Risk,2.1201,2018
Isn,2.1201,2018
Ago,2.1201,2018
Machete,2.1201,2018
Turn,2.1201,2018
Decked,2.1201,2018
Richmond,2.1201,2018
Oil,2.1201,2018
Sense,2.1201,2018
Beautiful,2.1201,2018
Effort,2.1201,2018
Might,2.1201,2018
Love,2.1201,2018
Putting,2.1201,2018
Takes,2.1201,2018
Stories,2.1201,2018
Whether,2.1201,2018
Tencent,2.1201,2018
Approved,2.1201,2018
Find,2.1201,2018
Tonight,2.1201,2018
Interference,2.1201,2018
Cars,2.1201,2018
Election,2.1201,2018
Fascists,2.1201,2018
Ahead,2.1201,2018
Else,2.1201,2018
Begin,2.1201,2018
Inside,2.1201,2018
Firearms,2.1201,2018
Kill,2.1201,2018
Using,2.1201,2018
Phillies,2.1201,2018
United,2.1201,2018
Arming,2.1201,2018
Request,2.1201,2018
Touch,2.1201,2018
Wants,2.1201,2018
Store,2.1201,2018
Sex,2.1201,2018
Recent,2.1201,2018
Dollars,2.1201,2018
Borrow,2.1201,2018
Idea,2.1201,2018
Maria,2.1201,2018
Throwing,2.1201,2018
Press,2.1201,2018
Bets,2.1201,2018
Test,2.1201,2018
Especially,2.1201,2018
Clear,2.1201,2018
Aren,2.1201,2018
Field,2.1201,2018
Example,2.1201,2018
Kayla,2.1201,2018
Night,2.1201,2018
Jerry,2.1201,2018
10¢,2.1201,2018
List,2.1201,2018
Lockheed,2.1201,2018
Hillary,2.1201,2018
Times,2.1201,2018
Riots,1.7668,2018
Businesses,1.7668,2018
Option,1.7668,2018
Bunch,1.7668,2018
Gary,1.7668,2018
Ghost,1.7668,2018
Lowest,1.7668,2018
Riot,1.7668,2018
Perfect,1.7668,2018
Cities,1.7668,2018
Michigan,1.7668,2018
Car,1.7668,2018
Happens,1.7668,2018
Agree,1.7668,2018
Dad,1.7668,2018
Bills,1.7668,2018
Age,1.7668,2018
Key,1.7668,2018
Details,1.7668,2018
Antifa,1.7668,2018
Supports,1.7668,2018
Martin,1.7668,2018
Mexican,1.7668,2018
Subject,1.7668,2018
Quick,1.7668,2018
California,1.7668,2018
Questions,1.7668,2018
Maybe,1.7668,2018
Statements,1.7668,2018
Mexico,1.7668,2018
Took,1.7668,2018
Thinking,1.7668,2018
Versus,1.7668,2018
Difference,1.7668,2018
Someone,1.7668,2018
Connell,1.7668,2018
Illegal,1.7668,2018
Describe,1.7668,2018
Chains,1.7668,2018
Forward,1.7668,2018
Ten,1.7668,2018
Island,1.7668,2018
Speech,1.7668,2018
Stop,1.7668,2018
Wall,1.7668,2018
Left,1.7668,2018
Fact,1.7668,2018
Absolutely,1.7668,2018
Means,1.7668,2018
Often,1.7668,2018
Hold,1.7668,2018
Advisor,1.7668,2018
Campaign,1.7668,2018
Property,1.7668,2018
Protest,1.7668,2018
Needs,1.7668,2018
Focus,1.7668,2018
Bloomberg,1.7668,2018
Space,1.7668,2018
Lives,1.7668,2018
Book,1.7668,2018
Chocolate,1.7668,2018
Design,1.7668,2018
Single,1.7668,2018
Ever,1.7668,2018
Runs,1.7668,2018
Machines,1.7668,2018
Teams,1.7668,2018
Apparently,1.7668,2018
Justice,1.7668,2018
Office,1.7668,2018
Wear,1.7668,2018
Stood,1.7668,2018
Towards,1.7668,2018
Early,1.7668,2018
Longer,1.7668,2018
Military,1.7668,2018
True,1.7668,2018
Wal,1.7668,2018
November,1.7668,2018
Remember,1.7668,2018
Stealth,1.7668,2018
Indoor,1.7668,2018
Point,1.7668,2018
Performance,1.7668,2018
Far,1.7668,2018
Spit,1.7668,2018
Color,1.7668,2018
Instead,1.7668,2018
Former,1.7668,2018
Bullet,1.7668,2018
Finally,1.7668,2018
Try,1.7668,2018
Current,1.7668,2018
Weather,1.7668,2018
Tried,1.7668,2018
5000,1.7668,2018
Secretary,1.7668,2018
Hotel,1.7668,2018
Quell,1.7668,2018
Fortress,1.7668,2018
Stuart,1.7668,2018
Apple,1.7668,2018
Paid,1.7668,2018
Overseas,1.7668,2018
Name,1.7668,2018
Safe,1.7668,2018
Mart,1.7668,2018
Ice,1.7668,2018
Saw,1.7668,2018
Lemonis,25,2019
Baseball,23.9286,2019
Scott,21.4286,2019
Don,21.0714,2019
Big,12.5,2019
Today,11.4286,2019
Guy,11.4286,2019
Something,11.0714,2019
Good,10.7143,2019
Company,10.3571,2019
Trump,10,2019
Jackie,9.6429,2019
Products,9.2857,2019
President,9.2857,2019
Why,9.2857,2019
Business,8.9286,2019
Let,8.5714,2019
Game,8.5714,2019
Deal,8.2143,2019
Thank,7.5,2019
Country,7.5,2019
Talk,7.5,2019
Kind,7.5,2019
Went,7.5,2019
Pitch,7.1429,2019
Different,7.1429,2019
Building,6.7857,2019
Does,6.7857,2019
Gonna,6.7857,2019
Didn,6.7857,2019
Bring,6.4286,2019
Order,6.4286,2019
Came,6.4286,2019
Seen,6.4286,2019
Coming,6.4286,2019
Slugger,6.0714,2019
Left,6.0714,2019
Yeah,6.0714,2019
Point,6.0714,2019
Little,5.7143,2019
Money,5.7143,2019
Head,5.7143,2019
Thing,5.7143,2019
Major,5.7143,2019
Things,5.3571,2019
Better,5.3571,2019
Bad,5.3571,2019
Louisville,5.3571,2019
Record,5.3571,2019
Full,5.3571,2019
Break,5.3571,2019
Lost,5.3571,2019
Night,5.3571,2019
Looking,5.3571,2019
Dad,5,2019
Happening,5,2019
League,5,2019
Difference,5,2019
States,5,2019
Find,5,2019
World,5,2019
Enough,5,2019
Guys,5,2019
Doesn,5,2019
Times,5,2019
Watch,4.6429,2019
Sports,4.6429,2019
War,4.6429,2019
Never,4.6429,2019
Run,4.6429,2019
Getting,4.6429,2019
Swing,4.6429,2019
Opportunity,4.6429,2019
Lacey,4.6429,2019
Hit,4.6429,2019
Thought,4.6429,2019
Heavy,4.6429,2019
Mean,4.6429,2019
300000,4.2857,2019
Rent,4.2857,2019
Antifa,4.2857,2019
Talking,4.2857,2019
God,4.2857,2019
Family,4.2857,2019
Away,4.2857,2019
Brian,4.2857,2019
Thanks,4.2857,2019
American,4.2857,2019
Runs,4.2857,2019
Always,4.2857,2019
Test,4.2857,2019
10¢,4.2857,2019
Million,3.9286,2019
Hear,3.9286,2019
Old,3.9286,2019
Ben,3.9286,2019
Buy,3.9286,2019
Isn,3.9286,2019
Series,3.9286,2019
Ago,3.9286,2019
Group,3.9286,2019
Making,3.9286,2019
Put,3.9286,2019
Able,3.9286,2019
Ever,3.9286,2019
Applause,3.9286,2019
Hard,3.9286,2019
Makes,3.9286,2019
Too,3.9286,2019
Golden,3.9286,2019
Trying,3.9286,2019
Forget,3.9286,2019
Keep,3.5714,2019
Already,3.5714,2019
Red,3.5714,2019
Call,3.5714,2019
Gets,3.5714,2019
Maybe,3.5714,2019
Months,3.5714,2019
Cost,3.5714,2019
Whole,3.5714,2019
Tough,3.5714,2019
Beat,3.5714,2019
Site,3.5714,2019
Problem,3.5714,2019
John,3.5714,2019
Less,3.5714,2019
Hitting,3.5714,2019
Billions,3.5714,2019
Product,3.5714,2019
United,3.5714,2019
Dollars,3.5714,2019
Jerry,3.5714,2019
Five,3.5714,2019
Tell,3.5714,2019
Bought,3.5714,2019
Moved,3.5714,2019
Police,3.2143,2019
Nothing,3.2143,2019
House,3.2143,2019
Doing,3.2143,2019
Understand,3.2143,2019
Happened,3.2143,2019
Nation,3.2143,2019
Sell,3.2143,2019
Steve,3.2143,2019
Figure,3.2143,2019
Yes,3.2143,2019
Debate,3.2143,2019
Far,3.2143,2019
Clear,3.2143,2019
Incredible,2.8571,2019
Batting,2.8571,2019
Gone,2.8571,2019
China,2.8571,2019
Government,2.8571,2019
York,2.8571,2019
Marcus,2.8571,2019
Line,2.8571,2019
Everything,2.8571,2019
Sticks,2.8571,2019
Speak,2.8571,2019
Items,2.8571,2019
Key,2.8571,2019
Fire,2.8571,2019
Starfish,2.8571,2019
Running,2.8571,2019
Laughter,2.8571,2019
Built,2.8571,2019
Costing,2.8571,2019
Took,2.8571,2019
Lead,2.8571,2019
Started,2.8571,2019
Actually,2.8571,2019
Joe,2.8571,2019
Reasons,2.8571,2019
Again,2.8571,2019
85¢,2.8571,2019
Given,2.8571,2019
Else,2.8571,2019
Public,2.8571,2019
Ideas,2.8571,2019
Using,2.8571,2019
Gun,2.8571,2019
Frog,2.8571,2019
Ready,2.8571,2019
Wasn,2.8571,2019
Biden,2.8571,2019
Done,2.8571,2019
Man,2.8571,2019
Remember,2.8571,2019
Having,2.8571,2019
Instead,2.8571,2019
Completely,2.8571,2019
Chance,2.8571,2019
Anything,2.8571,2019
Issue,2.5,2019
Market,2.5,2019
Vote,2.5,2019
Players,2.5,2019
Plants,2.5,2019
Stuff,2.5,2019
Yesterday,2.5,2019
Player,2.5,2019
Protesters,2.5,2019
Games,2.5,2019
Gave,2.5,2019
Violent,2.5,2019
Miss,2.5,2019
Become,2.5,2019
Plate,2.5,2019
Love,2.5,2019
Putting,2.5,2019
Sure,2.5,2019
Telling,2.5,2019
Half,2.5,2019
Amazing,2.5,2019
Hundreds,2.5,2019
Average,2.5,2019
Spurs,2.5,2019
Six,2.5,2019
Election,2.5,2019
Focus,2.5,2019
Inside,2.5,2019
Book,2.5,2019
Won,2.5,2019
Chris,2.5,2019
Fans,2.5,2019
Specific,2.5,2019
Companies,2.5,2019
Species,2.5,2019
Declaring,2.5,2019
Idea,2.5,2019
Story,2.5,2019
Ground,2.5,2019
$12000,2.5,2019
Terms,2.5,2019
Question,2.5,2019
Field,2.5,2019
Played,2.5,2019
Nine,2.5,2019
Canister,2.5,2019
Masks,2.5,2019
Star,2.5,2019
Listen,2.5,2019
Southwest,2.5,2019
Interesting,2.1429,2019
Challenges,2.1429,2019
Cutter,2.1429,2019
Spend,2.1429,2019
Hell,2.1429,2019
Person,2.1429,2019
Votes,2.1429,2019
Job,2.1429,2019
Process,2.1429,2019
Aye,2.1429,2019
Power,2.1429,2019
Huge,2.1429,2019
February,2.1429,2019
Tree,2.1429,2019
Folks,2.1429,2019
Amazon,2.1429,2019
Wood,2.1429,2019
Hope,2.1429,2019
Comes,2.1429,2019
Season,2.1429,2019
Media,2.1429,2019
Expected,2.1429,2019
Wrong,2.1429,2019
Addition,2.1429,2019
Jane,2.1429,2019
Dead,2.1429,2019
Destroyed,2.1429,2019
Turn,2.1429,2019
Please,2.1429,2019
Everybody,2.1429,2019
Burned,2.1429,2019
History,2.1429,2019
Consideration,2.1429,2019
Might,2.1429,2019
Victims,2.1429,2019
Terror,2.1429,2019
Sweet,2.1429,2019
Dry,2.1429,2019
Seven,2.1429,2019
Spot,2.1429,2019
Wake,2.1429,2019
Yet,2.1429,2019
Joining,2.1429,2019
Needs,2.1429,2019
Taking,2.1429,2019
Parents,2.1429,2019
Lincoln,2.1429,2019
Toe,2.1429,2019
Economy,2.1429,2019
Quote,2.1429,2019
Greatest,2.1429,2019
Trade,2.1429,2019
Throwing,2.1429,2019
Rivera,2.1429,2019
1999,2.1429,2019
Knock,2.1429,2019
Realize,2.1429,2019
Event,2.1429,2019
Logo,2.1429,2019
Ask,2.1429,2019
Aren,2.1429,2019
Successful,2.1429,2019
Human,2.1429,2019
Pennsylvania,2.1429,2019
Ice,2.1429,2019
Live,2.1429,2019
Success,2.1429,2019
Appearance,2.1429,2019
Competition,2.1429,2019
Materials,1.7857,2019
Bit,1.7857,2019
Staying,1.7857,2019
Worked,1.7857,2019
Check,1.7857,2019
Cheers,1.7857,2019
Nature,1.7857,2019
Everyone,1.7857,2019
Win,1.7857,2019
Plane,1.7857,2019
Heads,1.7857,2019
Men,1.7857,2019
Build,1.7857,2019
Arms,1.7857,2019
Radical,1.7857,2019
Real,1.7857,2019
Outside,1.7857,2019
Young,1.7857,2019
Perfect,1.7857,2019
Car,1.7857,2019
Hours,1.7857,2019
Gutless,1.7857,2019
Machetes,1.7857,2019
Russia,1.7857,2019
Davis,1.7857,2019
Entire,1.7857,2019
Aircraft,1.7857,2019
Jobs,1.7857,2019
Nervous,1.7857,2019
Debates,1.7857,2019
Security,1.7857,2019
Speaker,1.7857,2019
Large,1.7857,2019
Records,1.7857,2019
Credit,1.7857,2019
Force,1.7857,2019
Several,1.7857,2019
Talked,1.7857,2019
Mariano,1.7857,2019
Someone,1.7857,2019
Takes,1.7857,2019
Stories,1.7857,2019
Excited,1.7857,2019
Forward,1.7857,2019
Double,1.7857,2019
Rats,1.7857,2019
Mini,1.7857,2019
Wall,1.7857,2019
Compound,1.7857,2019
Rain,1.7857,2019
Innings,1.7857,2019
Absolutely,1.7857,2019
Means,1.7857,2019
Fox,1.7857,2019
Bringing,1.7857,2019
Roll,1.7857,2019
Waste,1.7857,2019
Reporter,1.7857,2019
Named,1.7857,2019
Operate,1.7857,2019
Themselves,1.7857,2019
Cohen,1.7857,2019
Halfway,1.7857,2019
Ahead,1.7857,2019
Ass,1.7857,2019
Music,1.7857,2019
Atlanta,1.7857,2019
Political,1.7857,2019
Somebody,1.7857,2019
Investors,1.7857,2019
Brave,1.7857,2019
Angeles,1.7857,2019
Kids,1.7857,2019
Ruth,1.7857,2019
Profitable,1.7857,2019
Forest,1.7857,2019
Powerful,1.7857,2019
Washington,1.7857,2019
Acted,1.7857,2019
Gang,1.7857,2019
Pres,1.7857,2019
Etched,1.7857,2019
Revenue,1.7857,2019
Moving,1.7857,2019
Fearsome,1.7857,2019
Battle,1.7857,2019
Federal,1.7857,2019
Former,1.7857,2019
Developed,1.7857,2019
Knives,1.7857,2019
Agility,1.7857,2019
Try,1.7857,2019
Paint,1.7857,2019
Sunday,1.7857,2019
Dangerous,1.7857,2019
Floor,1.7857,2019
Health,1.7857,2019
Falls,1.7857,2019
Short,1.7857,2019
Blasio,1.7857,2019
Facility,1.7857,2019
Latest,1.7857,2019
Works,1.7857,2019
Along,1.7857,2019
Sox,1.7857,2019
Workers,1.7857,2019
Tweet,1.7857,2019
Saw,1.7857,2019
Play,1.7857,2019
Virus,21.4599,2020
Viruses,19.2701,2020
Humans,10.073,2020
Coronavirus,9.3431,2020
Species,8.4672,2020
Market,8.3212,2020
Wet,8.3212,2020
Came,8.1752,2020
China,7.8832,2020
Wuhan,7.7372,2020
Don,7.5912,2020
Sars,7.5912,2020
Believe,7.0073,2020
Covid,6.7153,2020
Animals,6.5693,2020
Human,6.5693,2020
Why,6.4234,2020
Scientists,5.5474,2020
Horseshoe,5.2555,2020
Different,5.2555,2020
Disease,4.8175,2020
Kind,4.6715,2020
Research,4.3796,2020
Host,4.3796,2020
Caves,4.2336,2020
Animal,4.2336,2020
Actually,4.2336,2020
World,4.2336,2020
Chinese,4.2336,2020
Miles,3.7956,2020
Originated,3.7956,2020
Away,3.6496,2020
Outbreak,3.6496,2020
Small,3.6496,2020
Immune,3.6496,2020
Diseases,3.5036,2020
Coronaviruses,3.5036,2020
Lab,3.5036,2020
Similar,3.3577,2020
Night,3.3577,2020
Contact,3.2117,2020
Climate,3.2117,2020
Markets,3.2117,2020
Basically,3.2117,2020
Bombs,3.0657,2020
Sick,3.0657,2020
Ebola,3.0657,2020
Let,3.0657,2020
Infected,3.0657,2020
Good,3.0657,2020
Yes,3.0657,2020
Live,3.0657,2020
Flying,2.9197,2020
Change,2.9197,2020
Question,2.9197,2020
Carry,2.9197,2020
Directly,2.7737,2020
Never,2.7737,2020
Theory,2.7737,2020
Thousands,2.7737,2020
Food,2.7737,2020
Higher,2.6277,2020
Goes,2.6277,2020
Investigating,2.6277,2020
Hold,2.6277,2020
Spread,2.6277,2020
Too,2.6277,2020
Coming,2.6277,2020
Cave,2.6277,2020
Birds,2.4818,2020
Nature,2.4818,2020
History,2.4818,2020
Epidemic,2.4818,2020
Blood,2.4818,2020
Hard,2.4818,2020
Wild,2.3358,2020
Mammals,2.3358,2020
Does,2.3358,2020
Bad,2.3358,2020
System,2.3358,2020
Mouth,2.3358,2020
Reality,2.3358,2020
Probably,2.3358,2020
Sold,2.3358,2020
Looking,2.3358,2020
Government,2.1898,2020
Talking,2.1898,2020
Understand,2.1898,2020
Getting,2.1898,2020
Nose,2.1898,2020
Cause,2.1898,2020
Jesse,2.0438,2020
Fighting,2.0438,2020
Biology,2.0438,2020
Eating,2.0438,2020
California,2.0438,2020
Might,2.0438,2020
Ways,2.0438,2020
Shed,2.0438,2020
Bringing,2.0438,2020
Likely,2.0438,2020
Taking,2.0438,2020
Dogs,2.0438,2020
Vampire,2.0438,2020
Idea,2.0438,2020
Mother,2.0438,2020
Evidence,2.0438,2020
Working,1.8978,2020
Little,1.8978,2020
Sure,1.8978,2020
Went,1.8978,2020
Special,1.8978,2020
Transmit,1.8978,2020
Fact,1.8978,2020
Eat,1.8978,2020
Insect,1.8978,2020
Fight,1.7518,2020
Diversity,1.7518,2020
Area,1.7518,2020
War,1.7518,2020
Pandemic,1.7518,2020
Happened,1.7518,2020
Face,1.7518,2020
Urine,1.7518,2020
Find,1.7518,2020
Bomb,1.7518,2020
Put,1.7518,2020
Debate,1.7518,2020
Point,1.7518,2020
Purpose,1.7518,2020
Thank,1.6058,2020
Interesting,1.6058,2020
Fungus,1.6058,2020
Global,1.6058,2020
Comes,1.6058,2020
Fire,1.6058,2020
Experience,1.6058,2020
Carrying,1.6058,2020
Questions,1.6058,2020
Original,1.6058,2020
Group,1.6058,2020
Effort,1.6058,2020
Mammal,1.6058,2020
Happen,1.6058,2020
Ugly,1.6058,2020
Seen,1.6058,2020
Exactly,1.6058,2020
President,1.6058,2020
Studying,1.6058,2020
Yeah,1.6058,2020
Unique,1.6058,2020
Attached,1.6058,2020
300,1.6058,2020
Dangerous,1.6058,2020
Instance,1.6058,2020
Doesn,1.6058,2020
Anderson,1.6058,2020
Trying,1.6058,2020
Certain,1.4599,2020
Police,1.4599,2020
Center,1.4599,2020
Perfect,1.4599,2020
Control,1.4599,2020
Populations,1.4599,2020
Together,1.4599,2020
Particular,1.4599,2020
Brook,1.4599,2020
Themselves,1.4599,2020
Thought,1.4599,2020
Within,1.4599,2020
Trade,1.4599,2020
Looks,1.4599,2020
Spiders,1.4599,2020
Clear,1.4599,2020
Enemy,1.4599,2020
Accident,1.4599,2020
2003,1.4599,2020
Potentially,1.3139,2020
Villages,1.3139,2020
Towns,1.3139,2020
Itself,1.3139,2020
Mystery,1.3139,2020
Exist,1.3139,2020
Firebomb,1.3139,2020
600,1.3139,2020
Habitat,1.3139,2020
Identified,1.3139,2020
Incendiary,1.3139,2020
Answer,1.3139,2020
Strap,1.3139,2020
Jump,1.3139,2020
Damage,1.3139,2020
2000,1.3139,2020
Someone,1.3139,2020
Researchers,1.3139,2020
Among,1.3139,2020
Facilities,1.3139,2020
Viral,1.3139,2020
Ability,1.3139,2020
Physics,1.3139,2020
Topics,1.3139,2020
Infect,1.3139,2020
Touch,1.3139,2020
Wanted,1.3139,2020
Chemistry,1.3139,2020
Roughly,1.3139,2020
Far,1.3139,2020
Purposes,1.3139,2020
Once,1.3139,2020
Killed,1.3139,2020
Either,1.3139,2020
Tell,1.3139,2020
Learn,1.3139,2020
Contribution,1.3139,2020
Carrier,1.3139,2020
Source,1.1679,2020
Known,1.1679,2020
Reporting,1.1679,2020
Danielle,1.1679,2020
Systems,1.1679,2020
Doing,1.1679,2020
Something,1.1679,2020
Cases,1.1679,2020
Explain,1.1679,2020
Facing,1.1679,2020
Tend,1.1679,2020
Feel,1.1679,2020
America,1.1679,2020
Love,1.1679,2020
Whether,1.1679,2020
Role,1.1679,2020
Close,1.1679,2020
Authorities,1.1679,2020
Storm,1.1679,2020
Tonight,1.1679,2020
Transmitted,1.1679,2020
Infection,1.1679,2020
1000,1.1679,2020
Insects,1.1679,2020
Often,1.1679,2020
Others,1.1679,2020
Infectious,1.1679,2020
Territory,1.1679,2020
Eastern,1.1679,2020
Body,1.1679,2020
Echo,1.1679,2020
Able,1.1679,2020
Always,1.1679,2020
Forest,1.1679,2020
Weird,1.1679,2020
Lou,1.1679,2020
Constructed,1.1679,2020
Fruit,1.1679,2020
Allows,1.1679,2020
Example,1.1679,2020
Keeps,1.1679,2020
Until,1.1679,2020
Saw,1.1679,2020
Trump,1.0219,2020
South,1.0219,2020
Amount,1.0219,2020
Wildlife,1.0219,2020
Country,1.0219,2020
White,1.0219,2020
Created,1.0219,2020
Ourselves,1.0219,2020
Hours,1.0219,2020
Behind,1.0219,2020
Natural,1.0219,2020
Tract,1.0219,2020
Showing,1.0219,2020
Emerging,1.0219,2020
Virologist,1.0219,2020
Understanding,1.0219,2020
Intermediary,1.0219,2020
Variety,1.0219,2020
Touched,1.0219,2020
Active,1.0219,2020
Large,1.0219,2020
Sorry,1.0219,2020
Develop,1.0219,2020
Generally,1.0219,2020
Accidentally,1.0219,2020
January,1.0219,2020
Jumped,1.0219,2020
Thousand,1.0219,2020
Usually,1.0219,2020
Butchered,1.0219,2020
Defense,1.0219,2020
Heard,1.0219,2020
Behavior,1.0219,2020
Fly,1.0219,2020
Contain,1.0219,2020
Spreading,1.0219,2020
Rabies,1.0219,2020
Problems,1.0219,2020
American,1.0219,2020
Evolutionary,1.0219,2020
Greatest,1.0219,2020
Stress,1.0219,2020
Scale,1.0219,2020
Creatures,1.0219,2020
Cut,1.0219,2020
Wings,1.0219,2020
Didn,1.0219,2020
Closer,1.0219,2020
Brought,1.0219,2020
Farms,0.8759,2020
Seeing,0.8759,2020
Cow,0.8759,2020
Cetera,0.8759,2020
Supply,0.8759,2020
Feeding,0.8759,2020
Everything,0.8759,2020
Metabolism,0.8759,2020
Teachers,0.8759,2020
Support,0.8759,2020
Tree,0.8759,2020
Cute,0.8759,2020
Plan,0.8759,2020
Region,0.8759,2020
Foxes,0.8759,2020
Cage,0.8759,2020
Intermediate,0.8759,2020
Surface,0.8759,2020
Run,0.8759,2020
Central,0.8759,2020
Seems,0.8759,2020
Virology,0.8759,2020
Water,0.8759,2020
Opportunity,0.8759,2020
Takes,0.8759,2020
States,0.8759,2020
Thanks,0.8759,2020
Gentlemen,0.8759,2020
Count,0.8759,2020
Africa,0.8759,2020
Agitators,0.8759,2020
Lick,0.8759,2020
Relationship,0.8759,2020
Rain,0.8759,2020
Stayed,0.8759,2020
Almost,0.8759,2020
Daily,0.8759,2020
Named,0.8759,2020
Big,0.8759,2020
Yet,0.8759,2020
Else,0.8759,2020
Atlanta,0.8759,2020
Pees,0.8759,2020
Though,0.8759,2020
Cnn,0.8759,2020
Therapeutics,0.8759,2020
Illness,0.8759,2020
Discovered,0.8759,2020
Harbor,0.8759,2020
Trained,0.8759,2020
Battle,0.8759,2020
Institute,0.8759,2020
Causes,0.8759,2020
Related,0.8759,2020
Instead,0.8759,2020
Historical,0.8759,2020
Baseball,0.8759,2020
Europe,0.8759,2020
Try,0.8759,2020
Pigs,0.8759,2020
Common,0.8759,2020
Nocturnal,0.8759,2020
Tried,0.8759,2020
Ken,0.8759,2020
Receptor,0.8759,2020
Seem,0.8759,2020
Alert,0.8759,2020
Millions,0.8759,2020
Temperature,0.8759,2020
Name,0.8759,2020
Thing,0.8759,2020
Listen,0.8759,2020
Harm,0.8759,2020
Weren,0.8759,2020
Feces,0.8759,2020
Million,0.7299,2020
Load,0.7299,2020
Helps,0.7299,2020
Check,0.7299,2020
Butchering,0.7299,2020
Guest,0.7299,2020
Front,0.7299,2020
Gather,0.7299,2020
Handling,0.7299,2020
Treatments,0.7299,2020
Knowledge,0.7299,2020
Eaves,0.7299,2020
Person,0.7299,2020
Roost,0.7299,2020
Explains,0.7299,2020
Houses,0.7299,2020
Process,0.7299,2020
Important,0.7299,2020
Primed,0.7299,2020
Huge,0.7299,2020
Call,0.7299,2020
Talk,0.7299,2020
Cotton,0.7299,2020
Newsom,0.7299,2020
Luck,0.7299,2020
Studies,0.7299,2020
Cattle,0.7299,2020
Places,0.7299,2020
Maybe,0.7299,2020
Normal,0.7299,2020
Yards,0.7299,2020
Precedent,0.7299,2020
Everybody,0.7299,2020
Officers,0.7299,2020
Bones,0.7299,2020
Beings,0.7299,2020
Mers,0.7299,2020
Naturally,0.7299,2020
Whole,0.7299,2020
Wrinkle,0.7299,2020
Money,0.7299,2020
Available,0.7299,2020
Colleagues,0.7299,2020
Prey,0.7299,2020
Amazing,0.7299,2020
Asia,0.7299,2020
Cats,0.7299,2020
Handle,0.7299,2020
Scratches,0.7299,2020
Less,0.7299,2020
Collected,0.7299,2020
Smash,0.7299,2020
Extreme,0.7299,2020
Summer,0.7299,2020
Hour,0.7299,2020
Inside,0.7299,2020
Lives,0.7299,2020
Attack,0.7299,2020
Weapon,0.7299,2020
Seemed,0.7299,2020
Critical,0.7299,2020
Infecting,0.7299,2020
United,0.7299,2020
Upper,0.7299,2020
Rap,0.7299,2020
Economy,0.7299,2020
1st,0.7299,2020
Ball,0.7299,2020
Sources,0.7299,2020
Done,0.7299,2020
Air,0.7299,2020
Originally,0.7299,2020
Various,0.7299,2020
Extraordinary,0.7299,2020
Population,0.7299,2020
Honduran,0.7299,2020
Caused,0.7299,2020
Tiers,0.7299,2020
Destroying,0.7299,2020
Dealt,0.7299,2020
Governor,0.7299,2020
Teeth,0.7299,2020
Mean,0.7299,2020
Peaceful,0.7299,2020
Transmission,0.7299,2020
